oos_target,metric,avg_rho,med_rho,std_rho,n_dates
oos_custom_R,custom_R,0.6047599992377903,0.6290036014405761,0.1303453727198163,126
oos_custom_R,cvar_5,0.6552914499132986,0.6692917166866748,0.12106908420516159,126
oos_custom_R,downside_std,0.6347666685721908,0.6527731092436975,0.11903292426928366,126
oos_custom_R,max_drawdown,0.5343950913698813,0.5669147659063625,0.15952187217360816,126
oos_custom_R,std,0.6746264219973704,0.689267707082833,0.11339371219932123,126
oos_custom_R,var_5,0.656245736389794,0.6737575030012004,0.1162053581683686,126
oos_cvar_5,custom_R,0.6637748432706416,0.6837935174069627,0.11810494433640314,126
oos_cvar_5,cvar_5,0.7331824158234722,0.7551980792316926,0.10402364094641747,126
oos_cvar_5,downside_std,0.7156203433754454,0.736998799519808,0.10522923926980485,126
oos_cvar_5,max_drawdown,0.5782000419215305,0.6173829531812725,0.15344354607528168,126
oos_cvar_5,std,0.7571417138283885,0.7721968787515006,0.09525910127222574,126
oos_cvar_5,var_5,0.7334415671030317,0.7524609843937575,0.09808670269903211,126
oos_max_drawdown,custom_R,0.5474265896834923,0.5769027611044417,0.14919379036886052,126
oos_max_drawdown,cvar_5,0.5784561443625068,0.622280912364946,0.15386092448544642,126
oos_max_drawdown,downside_std,0.5550578326568723,0.5936614645858342,0.15003382245508556,126
oos_max_drawdown,max_drawdown,0.4953173650412546,0.5150060024009604,0.18148345559971255,126
oos_max_drawdown,std,0.6018986642275957,0.6401440576230493,0.15268590737857465,126
oos_max_drawdown,var_5,0.5896880657024713,0.6324129651860744,0.15613861311387678,126
oos_std,custom_R,0.7503115531927056,0.7791596638655462,0.09231865315881893,126
oos_std,cvar_5,0.8201619695497245,0.8321248499399759,0.06968798522184322,126
oos_std,downside_std,0.7977072733855447,0.813733493397359,0.07219387375943533,126
oos_std,max_drawdown,0.6585857200022865,0.7105882352941177,0.1379735194091878,126
oos_std,std,0.846855313553993,0.8579111644657863,0.061840274242231597,126
oos_std,var_5,0.8211147316069284,0.823673469387755,0.06479226062107182,126
