metric,target,q,avg_oos_risk
custom_R,oos_max_drawdown,1,0.06460271654324864
custom_R,oos_max_drawdown,2,0.08706350173347346
custom_R,oos_max_drawdown,3,0.10469606872055459
custom_R,oos_max_drawdown,4,0.11710558825671674
custom_R,oos_max_drawdown,5,0.16581359072886148
custom_R,oos_cvar_5,1,0.017199002755712338
custom_R,oos_cvar_5,2,0.023489270023589227
custom_R,oos_cvar_5,3,0.028392466078831106
custom_R,oos_cvar_5,4,0.032253242434200816
custom_R,oos_cvar_5,5,0.04635110636396552
std,oos_max_drawdown,1,0.06100164483131635
std,oos_max_drawdown,2,0.08514622042692892
std,oos_max_drawdown,3,0.10346901481474173
std,oos_max_drawdown,4,0.11686889340638337
std,oos_max_drawdown,5,0.17279569250348456
std,oos_cvar_5,1,0.015959928529969778
std,oos_cvar_5,2,0.023278592259753865
std,oos_cvar_5,3,0.028613260343865753
std,oos_cvar_5,4,0.03164985166991429
std,oos_cvar_5,5,0.04818345485279532
downside_std,oos_max_drawdown,1,0.06280228953194278
downside_std,oos_max_drawdown,2,0.08825937483570315
downside_std,oos_max_drawdown,3,0.10264524158158317
downside_std,oos_max_drawdown,4,0.11684296072670648
downside_std,oos_max_drawdown,5,0.16873159930691933
downside_std,oos_cvar_5,1,0.01643354492779207
downside_std,oos_cvar_5,2,0.023555817635741105
downside_std,oos_cvar_5,3,0.027865684481402152
downside_std,oos_cvar_5,4,0.032704020346211185
downside_std,oos_cvar_5,5,0.04712602026515249
max_drawdown,oos_max_drawdown,1,0.06699415951715934
max_drawdown,oos_max_drawdown,2,0.08733994959615506
max_drawdown,oos_max_drawdown,3,0.10451258132644056
max_drawdown,oos_max_drawdown,4,0.11538319189324078
max_drawdown,oos_max_drawdown,5,0.16505158364985917
max_drawdown,oos_cvar_5,1,0.018178655088637797
max_drawdown,oos_cvar_5,2,0.02395609502782612
max_drawdown,oos_cvar_5,3,0.02872496243477434
max_drawdown,oos_cvar_5,4,0.03098788948923525
max_drawdown,oos_cvar_5,5,0.04583748561582549
var_5,oos_max_drawdown,1,0.06199006373766199
var_5,oos_max_drawdown,2,0.08613588623112303
var_5,oos_max_drawdown,3,0.10388577033367376
var_5,oos_max_drawdown,4,0.11928362611940034
var_5,oos_max_drawdown,5,0.1679861195609958
var_5,oos_cvar_5,1,0.016554966848150346
var_5,oos_cvar_5,2,0.02362953801500791
var_5,oos_cvar_5,3,0.028197535212640863
var_5,oos_cvar_5,4,0.03215128801111341
var_5,oos_cvar_5,5,0.04715175956938648
cvar_5,oos_max_drawdown,1,0.06275280872603542
cvar_5,oos_max_drawdown,2,0.08669833574715921
cvar_5,oos_max_drawdown,3,0.10264025114763303
cvar_5,oos_max_drawdown,4,0.11737319135712654
cvar_5,oos_max_drawdown,5,0.16981687900490067
cvar_5,oos_cvar_5,1,0.016411958305645027
cvar_5,oos_cvar_5,2,0.023469083235771574
cvar_5,oos_cvar_5,3,0.02782230902748168
cvar_5,oos_cvar_5,4,0.03260478651792393
cvar_5,oos_cvar_5,5,0.04737695056947679
